{
	"start":	{
		"connected":	[{
				"socket":	5,
				"local_host":	"127.0.0.1",
				"local_port":	39288,
				"remote_host":	"127.0.0.1",
				"remote_port":	5201
			}],
		"version":	"iperf 3.16",
		"system_info":	"Linux AlexDesktop 5.15.167.4-microsoft-standard-WSL2 #1 SMP Tue Nov 5 00:21:55 UTC 2024 x86_64",
		"timestamp":	{
			"time":	"Fri, 17 Oct 2025 01:06:28 GMT",
			"timesecs":	1760663188
		},
		"connecting_to":	{
			"host":	"127.0.0.1",
			"port":	5201
		},
		"cookie":	"pvu2ujorbyiiilz4ysiwykjywc5f5mpiih2g",
		"tcp_mss_default":	32768,
		"target_bitrate":	0,
		"fq_rate":	0,
		"sock_bufsize":	0,
		"sndbuf_actual":	16384,
		"rcvbuf_actual":	131072,
		"test_start":	{
			"protocol":	"TCP",
			"num_streams":	1,
			"blksize":	131072,
			"omit":	0,
			"duration":	10,
			"bytes":	0,
			"blocks":	0,
			"reverse":	0,
			"tos":	0,
			"target_bitrate":	0,
			"bidir":	0,
			"fqrate":	0
		}
	},
	"intervals":	[{
			"streams":	[{
					"socket":	5,
					"start":	0,
					"end":	1.001038,
					"seconds":	1.0010379552841187,
					"bytes":	9908125696,
					"bits_per_second":	79182817344.32605,
					"retransmits":	0,
					"snd_cwnd":	3339633,
					"snd_wnd":	3079040,
					"rtt":	40,
					"rttvar":	12,
					"pmtu":	65535,
					"omitted":	false,
					"sender":	true
				}],
			"sum":	{
				"start":	0,
				"end":	1.001038,
				"seconds":	1.0010379552841187,
				"bytes":	9908125696,
				"bits_per_second":	79182817344.32605,
				"retransmits":	0,
				"omitted":	false,
				"sender":	true
			}
		}, {
			"streams":	[{
					"socket":	5,
					"start":	1.001038,
					"end":	2.001034,
					"seconds":	0.9999960064888,
					"bytes":	10334371840,
					"bits_per_second":	82675304884.756,
					"retransmits":	0,
					"snd_cwnd":	3339633,
					"snd_wnd":	3145088,
					"rtt":	35,
					"rttvar":	0,
					"pmtu":	65535,
					"omitted":	false,
					"sender":	true
				}],
			"sum":	{
				"start":	1.001038,
				"end":	2.001034,
				"seconds":	0.9999960064888,
				"bytes":	10334371840,
				"bits_per_second":	82675304884.756,
				"retransmits":	0,
				"omitted":	false,
				"sender":	true
			}
		}, {
			"streams":	[{
					"socket":	5,
					"start":	2.001034,
					"end":	3.001032,
					"seconds":	0.99999797344207764,
					"bytes":	10258743296,
					"bits_per_second":	82070112687.837051,
					"retransmits":	1,
					"snd_cwnd":	3339633,
					"snd_wnd":	3145088,
					"rtt":	36,
					"rttvar":	16,
					"pmtu":	65535,
					"omitted":	false,
					"sender":	true
				}],
			"sum":	{
				"start":	2.001034,
				"end":	3.001032,
				"seconds":	0.99999797344207764,
				"bytes":	10258743296,
				"bits_per_second":	82070112687.837051,
				"retransmits":	1,
				"omitted":	false,
				"sender":	true
			}
		}, {
			"streams":	[{
					"socket":	5,
					"start":	3.001032,
					"end":	4.00104,
					"seconds":	1.0000079870224,
					"bytes":	10307502080,
					"bits_per_second":	82459358035.2603,
					"retransmits":	0,
					"snd_cwnd":	3339633,
					"snd_wnd":	3145088,
					"rtt":	40,
					"rttvar":	17,
					"pmtu":	65535,
					"omitted":	false,
					"sender":	true
				}],
			"sum":	{
				"start":	3.001032,
				"end":	4.00104,
				"seconds":	1.0000079870224,
				"bytes":	10307502080,
				"bits_per_second":	82459358035.2603,
				"retransmits":	0,
				"omitted":	false,
				"sender":	true
			}
		}, {
			"streams":	[{
					"socket":	5,
					"start":	4.00104,
					"end":	5.001042,
					"seconds":	1.0000020265579224,
					"bytes":	10131865600,
					"bits_per_second":	81054760537.8329,
					"retransmits":	0,
					"snd_cwnd":	3339633,
					"snd_wnd":	3145088,
					"rtt":	45,
					"rttvar":	19,
					"pmtu":	65535,
					"omitted":	false,
					"sender":	true
				}],
			"sum":	{
				"start":	4.00104,
				"end":	5.001042,
				"seconds":	1.0000020265579224,
				"bytes":	10131865600,
				"bits_per_second":	81054760537.8329,
				"retransmits":	0,
				"omitted":	false,
				"sender":	true
			}
		}, {
			"streams":	[{
					"socket":	5,
					"start":	5.001042,
					"end":	6.001029,
					"seconds":	0.999987006187439,
					"bytes":	10258481152,
					"bits_per_second":	82068915604.106445,
					"retransmits":	0,
					"snd_cwnd":	3339633,
					"snd_wnd":	3145088,
					"rtt":	36,
					"rttvar":	10,
					"pmtu":	65535,
					"omitted":	false,
					"sender":	true
				}],
			"sum":	{
				"start":	5.001042,
				"end":	6.001029,
				"seconds":	0.999987006187439,
				"bytes":	10258481152,
				"bits_per_second":	82068915604.106445,
				"retransmits":	0,
				"omitted":	false,
				"sender":	true
			}
		}, {
			"streams":	[{
					"socket":	5,
					"start":	6.001029,
					"end":	7.001035,
					"seconds":	1.0000059604644775,
					"bytes":	10390732800,
					"bits_per_second":	83125366934.2032,
					"retransmits":	0,
					"snd_cwnd":	3339633,
					"snd_wnd":	3145088,
					"rtt":	42,
					"rttvar":	3,
					"pmtu":	65535,
					"omitted":	false,
					"sender":	true
				}],
			"sum":	{
				"start":	6.001029,
				"end":	7.001035,
				"seconds":	1.0000059604644775,
				"bytes":	10390732800,
				"bits_per_second":	83125366934.2032,
				"retransmits":	0,
				"omitted":	false,
				"sender":	true
			}
		}, {
			"streams":	[{
					"socket":	5,
					"start":	7.001035,
					"end":	8.001015,
					"seconds":	0.99997997283935547,
					"bytes":	10179969024,
					"bits_per_second":	81441383231.6651,
					"retransmits":	0,
					"snd_cwnd":	3339633,
					"snd_wnd":	3145088,
					"rtt":	37,
					"rttvar":	2,
					"pmtu":	65535,
					"omitted":	false,
					"sender":	true
				}],
			"sum":	{
				"start":	7.001035,
				"end":	8.001015,
				"seconds":	0.99997997283935547,
				"bytes":	10179969024,
				"bits_per_second":	81441383231.6651,
				"retransmits":	0,
				"omitted":	false,
				"sender":	true
			}
		}, {
			"streams":	[{
					"socket":	5,
					"start":	8.001015,
					"end":	9.001029,
					"seconds":	1.0000139474868774,
					"bytes":	9904324608,
					"bits_per_second":	79233491755.9135,
					"retransmits":	0,
					"snd_cwnd":	3339633,
					"snd_wnd":	3145088,
					"rtt":	35,
					"rttvar":	4,
					"pmtu":	65535,
					"omitted":	false,
					"sender":	true
				}],
			"sum":	{
				"start":	8.001015,
				"end":	9.001029,
				"seconds":	1.0000139474868774,
				"bytes":	9904324608,
				"bits_per_second":	79233491755.9135,
				"retransmits":	0,
				"omitted":	false,
				"sender":	true
			}
		}, {
			"streams":	[{
					"socket":	5,
					"start":	9.001029,
					"end":	10.001185,
					"seconds":	1.000156044960022,
					"bytes":	10025697280,
					"bits_per_second":	80193064516.4535,
					"retransmits":	0,
					"snd_cwnd":	3339633,
					"snd_wnd":	3145088,
					"rtt":	24,
					"rttvar":	9,
					"pmtu":	65535,
					"omitted":	false,
					"sender":	true
				}],
			"sum":	{
				"start":	9.001029,
				"end":	10.001185,
				"seconds":	1.000156044960022,
				"bytes":	10025697280,
				"bits_per_second":	80193064516.4535,
				"retransmits":	0,
				"omitted":	false,
				"sender":	true
			}
		}],
	"end":	{
		"streams":	[{
				"sender":	{
					"socket":	5,
					"start":	0,
					"end":	10.001185,
					"seconds":	10.001185,
					"bytes":	101892227072,
					"bits_per_second":	81504123418.974854,
					"retransmits":	1,
					"max_snd_cwnd":	3339633,
					"max_snd_wnd":	3145088,
					"max_rtt":	45,
					"min_rtt":	24,
					"mean_rtt":	37,
					"sender":	true
				},
				"receiver":	{
					"socket":	5,
					"start":	0,
					"end":	10.001247,
					"seconds":	10.001185,
					"bytes":	101892358144,
					"bits_per_second":	81503723000.9418,
					"sender":	true
				}
			}],
		"sum_sent":	{
			"start":	0,
			"end":	10.001185,
			"seconds":	10.001185,
			"bytes":	101892227072,
			"bits_per_second":	81504123418.974854,
			"retransmits":	1,
			"sender":	true
		},
		"sum_received":	{
			"start":	0,
			"end":	10.001247,
			"seconds":	10.001247,
			"bytes":	101892358144,
			"bits_per_second":	81503723000.9418,
			"sender":	true
		},
		"cpu_utilization_percent":	{
			"host_total":	99.922724126029763,
			"host_user":	1.2854550188225593,
			"host_system":	98.6372691072072,
			"remote_total":	75.049728704346023,