{
	"start":	{
		"connected":	[{
				"socket":	5,
				"local_host":	"127.0.0.1",
				"local_port":	38676,
				"remote_host":	"127.0.0.1",
				"remote_port":	5201
			}],
		"version":	"iperf 3.16",
		"system_info":	"Linux AlexDesktop 5.15.167.4-microsoft-standard-WSL2 #1 SMP Tue Nov 5 00:21:55 UTC 2024 x86_64",
		"timestamp":	{
			"time":	"Fri, 17 Oct 2025 01:05:21 GMT",
			"timesecs":	1760663121
		},
		"connecting_to":	{
			"host":	"127.0.0.1",
			"port":	5201
		},
		"cookie":	"mteoabp2icftiv5kqczox6skpkmijdf5sfzr",
		"tcp_mss_default":	32768,
		"target_bitrate":	0,
		"fq_rate":	0,
		"sock_bufsize":	0,
		"sndbuf_actual":	16384,
		"rcvbuf_actual":	131072,
		"test_start":	{
			"protocol":	"TCP",
			"num_streams":	1,
			"blksize":	131072,
			"omit":	0,
			"duration":	10,
			"bytes":	0,
			"blocks":	0,
			"reverse":	0,
			"tos":	0,
			"target_bitrate":	0,
			"bidir":	0,
			"fqrate":	0
		}
	},
	"intervals":	[{
			"streams":	[{
					"socket":	5,
					"start":	0,
					"end":	1.001041,
					"seconds":	1.001041054725647,
					"bytes":	9955442688,
					"bits_per_second":	79560714446.2499,
					"retransmits":	0,
					"snd_cwnd":	1637075,
					"snd_wnd":	3145088,
					"rtt":	31,
					"rttvar":	8,
					"pmtu":	65535,
					"omitted":	false,
					"sender":	true
				}],
			"sum":	{
				"start":	0,
				"end":	1.001041,
				"seconds":	1.001041054725647,
				"bytes":	9955442688,
				"bits_per_second":	79560714446.2499,
				"retransmits":	0,
				"omitted":	false,
				"sender":	true
			}
		}, {
			"streams":	[{
					"socket":	5,
					"start":	1.001041,
					"end":	2.00076,
					"seconds":	0.99971902370452881,
					"bytes":	10122559488,
					"bits_per_second":	81003235893.142441,
					"retransmits":	0,
					"snd_cwnd":	1964490,
					"snd_wnd":	3145088,
					"rtt":	37,
					"rttvar":	1,
					"pmtu":	65535,
					"omitted":	false,
					"sender":	true
				}],
			"sum":	{
				"start":	1.001041,
				"end":	2.00076,
				"seconds":	0.99971902370452881,
				"bytes":	10122559488,
				"bits_per_second":	81003235893.142441,
				"retransmits":	0,
				"omitted":	false,
				"sender":	true
			}
		}, {
			"streams":	[{
					"socket":	5,
					"start":	2.00076,
					"end":	3.001049,
					"seconds":	1.0002889633178711,
					"bytes":	10474225664,
					"bits_per_second":	83769598970.7447,
					"retransmits":	0,
					"snd_cwnd":	2226422,
					"snd_wnd":	3145088,
					"rtt":	38,
					"rttvar":	6,
					"pmtu":	65535,
					"omitted":	false,
					"sender":	true
				}],
			"sum":	{
				"start":	2.00076,
				"end":	3.001049,
				"seconds":	1.0002889633178711,
				"bytes":	10474225664,
				"bits_per_second":	83769598970.7447,
				"retransmits":	0,
				"omitted":	false,
				"sender":	true
			}
		}, {
			"streams":	[{
					"socket":	5,
					"start":	3.001049,
					"end":	4.001032,
					"seconds":	0.999983012676239,
					"bytes":	10521935872,
					"bits_per_second":	84176916916.540863,
					"retransmits":	0,
					"snd_cwnd":	2815769,
					"snd_wnd":	3145088,
					"rtt":	41,
					"rttvar":	13,
					"pmtu":	65535,
					"omitted":	false,
					"sender":	true
				}],
			"sum":	{
				"start":	3.001049,
				"end":	4.001032,
				"seconds":	0.999983012676239,
				"bytes":	10521935872,
				"bits_per_second":	84176916916.540863,
				"retransmits":	0,
				"omitted":	false,
				"sender":	true
			}
		}, {
			"streams":	[{
					"socket":	5,
					"start":	4.001032,
					"end":	5.001046,
					"seconds":	1.0000139474868774,
					"bytes":	10069475328,
					"bits_per_second":	80554679088.6705,
					"retransmits":	0,
					"snd_cwnd":	3274150,
					"snd_wnd":	3145088,
					"rtt":	42,
					"rttvar":	8,
					"pmtu":	65535,
					"omitted":	false,
					"sender":	true
				}],
			"sum":	{
				"start":	4.001032,
				"end":	5.001046,
				"seconds":	1.0000139474868774,
				"bytes":	10069475328,
				"bits_per_second":	80554679088.6705,
				"retransmits":	0,
				"omitted":	false,
				"sender":	true
			}
		}, {
			"streams":	[{
					"socket":	5,
					"start":	5.001046,
					"end":	6.001029,
					"seconds":	0.999983012676239,
					"bytes":	10560602112,
					"bits_per_second":	84486252091.317627,
					"retransmits":	0,
					"snd_cwnd":	3274150,
					"snd_wnd":	3145088,
					"rtt":	17,
					"rttvar":	5,
					"pmtu":	65535,
					"omitted":	false,
					"sender":	true
				}],
			"sum":	{
				"start":	5.001046,
				"end":	6.001029,
				"seconds":	0.999983012676239,
				"bytes":	10560602112,
				"bits_per_second":	84486252091.317627,
				"retransmits":	0,
				"omitted":	false,
				"sender":	true
			}
		}, {
			"streams":	[{
					"socket":	5,
					"start":	6.001029,
					"end":	7.001043,
					"seconds":	1.0000139474868774,
					"bytes":	10418913280,
					"bits_per_second":	83350143714.9643,
					"retransmits":	0,
					"snd_cwnd":	3274150,
					"snd_wnd":	3145088,
					"rtt":	34,
					"rttvar":	3,
					"pmtu":	65535,
					"omitted":	false,
					"sender":	true
				}],
			"sum":	{
				"start":	6.001029,
				"end":	7.001043,
				"seconds":	1.0000139474868774,
				"bytes":	10418913280,
				"bits_per_second":	83350143714.9643,
				"retransmits":	0,
				"omitted":	false,
				"sender":	true
			}
		}, {
			"streams":	[{
					"socket":	5,
					"start":	7.001043,
					"end":	8.001036,
					"seconds":	0.99999302625656128,
					"bytes":	10279321600,
					"bits_per_second":	82235146286.811844,
					"retransmits":	0,
					"snd_cwnd":	3274150,
					"snd_wnd":	3145088,
					"rtt":	35,
					"rttvar":	1,
					"pmtu":	65535,
					"omitted":	false,
					"sender":	true
				}],
			"sum":	{
				"start":	7.001043,
				"end":	8.001036,
				"seconds":	0.99999302625656128,
				"bytes":	10279321600,
				"bits_per_second":	82235146286.811844,
				"retransmits":	0,
				"omitted":	false,
				"sender":	true
			}
		}, {
			"streams":	[{
					"socket":	5,
					"start":	8.001036,
					"end":	9.001029,
					"seconds":	0.99999302625656128,
					"bytes":	10279976960,
					"bits_per_second":	82240389203.3746,
					"retransmits":	2,
					"snd_cwnd":	3274150,
					"snd_wnd":	3145088,
					"rtt":	36,
					"rttvar":	1,
					"pmtu":	65535,
					"omitted":	false,
					"sender":	true
				}],
			"sum":	{
				"start":	8.001036,
				"end":	9.001029,
				"seconds":	0.99999302625656128,
				"bytes":	10279976960,
				"bits_per_second":	82240389203.3746,
				"retransmits":	2,
				"omitted":	false,
				"sender":	true
			}
		}, {
			"streams":	[{
					"socket":	5,
					"start":	9.001029,
					"end":	10.001245,
					"seconds":	1.000216007232666,
					"bytes":	10360586240,
					"bits_per_second":	82866790093.9919,
					"retransmits":	0,
					"snd_cwnd":	3274150,
					"snd_wnd":	3145088,
					"rtt":	30,
					"rttvar":	12,
					"pmtu":	65535,
					"omitted":	false,
					"sender":	true
				}],
			"sum":	{
				"start":	9.001029,
				"end":	10.001245,
				"seconds":	1.000216007232666,
				"bytes":	10360586240,
				"bits_per_second":	82866790093.9919,
				"retransmits":	0,
				"omitted":	false,
				"sender":	true
			}
		}],
	"end":	{
		"streams":	[{
				"sender":	{
					"socket":	5,
					"start":	0,
					"end":	10.001245,
					"seconds":	10.001245,
					"bytes":	103169261568,
					"bits_per_second":	82525134875.108047,
					"retransmits":	2,
					"max_snd_cwnd":	3274150,
					"max_snd_wnd":	3145088,
					"max_rtt":	42,
					"min_rtt":	17,
					"mean_rtt":	34,
					"sender":	true
				},
				"receiver":	{
					"socket":	5,
					"start":	0,
					"end":	10.001318,
					"seconds":	10.001245,
					"bytes":	103169392640,
					"bits_per_second":	82524637364.7953,
					"sender":	true
				}
			}],
		"sum_sent":	{
			"start":	0,
			"end":	10.001245,
			"seconds":	10.001245,
			"bytes":	103169261568,
			"bits_per_second":	82525134875.108047,
			"retransmits":	2,
			"sender":	true
		},
		"sum_received":	{
			"start":	0,
			"end":	10.001318,
			"seconds":	10.001318,
			"bytes":	103169392640,
			"bits_per_second":	82524637364.7953,
			"sender":	true
		},
		"cpu_utilization_percent":	{
			"host_total":	99.861086143587769,
			"host_user":	0.78850160399812752,
			"host_system":	99.0725745414713,