{
	"start":	{
		"connected":	[{
				"socket":	5,
				"local_host":	"127.0.0.1",
				"local_port":	36666,
				"remote_host":	"127.0.0.1",
				"remote_port":	5201
			}],
		"version":	"iperf 3.16",
		"system_info":	"Linux AlexDesktop 5.15.167.4-microsoft-standard-WSL2 #1 SMP Tue Nov 5 00:21:55 UTC 2024 x86_64",
		"timestamp":	{
			"time":	"Fri, 17 Oct 2025 01:09:57 GMT",
			"timesecs":	1760663397
		},
		"connecting_to":	{
			"host":	"127.0.0.1",
			"port":	5201
		},
		"cookie":	"qaxme7v6ynnzbg6otliqhudnrlnp54n7xnic",
		"target_bitrate":	1000000000,
		"fq_rate":	0,
		"sock_bufsize":	0,
		"sndbuf_actual":	212992,
		"rcvbuf_actual":	212992,
		"test_start":	{
			"protocol":	"UDP",
			"num_streams":	1,
			"blksize":	32768,
			"omit":	0,
			"duration":	10,
			"bytes":	0,
			"blocks":	0,
			"reverse":	0,
			"tos":	0,
			"target_bitrate":	1000000000,
			"bidir":	0,
			"fqrate":	0
		}
	},
	"intervals":	[{
			"streams":	[{
					"socket":	5,
					"start":	0,
					"end":	1.000069,
					"seconds":	1.00006902217865,
					"bytes":	124911616,
					"bits_per_second":	999223959.385364,
					"packets":	3812,
					"omitted":	false,
					"sender":	true
				}],
			"sum":	{
				"start":	0,
				"end":	1.000069,
				"seconds":	1.00006902217865,
				"bytes":	124911616,
				"bits_per_second":	999223959.385364,
				"packets":	3812,
				"omitted":	false,
				"sender":	true
			}
		}, {
			"streams":	[{
					"socket":	5,
					"start":	1.000069,
					"end":	2.00007,
					"seconds":	1.0000009536743164,
					"bytes":	124977152,
					"bits_per_second":	999816262.50090933,
					"packets":	3814,
					"omitted":	false,
					"sender":	true
				}],
			"sum":	{
				"start":	1.000069,
				"end":	2.00007,
				"seconds":	1.0000009536743164,
				"bytes":	124977152,
				"bits_per_second":	999816262.50090933,
				"packets":	3814,
				"omitted":	false,
				"sender":	true
			}
		}, {
			"streams":	[{
					"socket":	5,
					"start":	2.00007,
					"end":	3.00007,
					"seconds":	1,
					"bytes":	125009920,
					"bits_per_second":	1000079360,
					"packets":	3815,
					"omitted":	false,
					"sender":	true
				}],
			"sum":	{
				"start":	2.00007,
				"end":	3.00007,
				"seconds":	1,
				"bytes":	125009920,
				"bits_per_second":	1000079360,
				"packets":	3815,
				"omitted":	false,
				"sender":	true
			}
		}, {
			"streams":	[{
					"socket":	5,
					"start":	3.00007,
					"end":	4.000075,
					"seconds":	1.0000050067901611,
					"bytes":	125009920,
					"bits_per_second":	1000074352.83757,
					"packets":	3815,
					"omitted":	false,
					"sender":	true
				}],
			"sum":	{
				"start":	3.00007,
				"end":	4.000075,
				"seconds":	1.0000050067901611,
				"bytes":	125009920,
				"bits_per_second":	1000074352.83757,
				"packets":	3815,
				"omitted":	false,
				"sender":	true
			}
		}, {
			"streams":	[{
					"socket":	5,
					"start":	4.000075,
					"end":	5.000071,
					"seconds":	0.9999960064888,
					"bytes":	125009920,
					"bits_per_second":	1000083353.8440745,
					"packets":	3815,
					"omitted":	false,
					"sender":	true
				}],
			"sum":	{
				"start":	4.000075,
				"end":	5.000071,
				"seconds":	0.9999960064888,
				"bytes":	125009920,
				"bits_per_second":	1000083353.8440745,
				"packets":	3815,
				"omitted":	false,
				"sender":	true
			}
		}, {
			"streams":	[{
					"socket":	5,
					"start":	5.000071,
					"end":	6.00007,
					"seconds":	0.99999898672103882,
					"bytes":	124977152,
					"bits_per_second":	999818229.09477651,
					"packets":	3814,
					"omitted":	false,
					"sender":	true
				}],
			"sum":	{
				"start":	5.000071,
				"end":	6.00007,
				"seconds":	0.99999898672103882,
				"bytes":	124977152,
				"bits_per_second":	999818229.09477651,
				"packets":	3814,
				"omitted":	false,
				"sender":	true
			}
		}, {
			"streams":	[{
					"socket":	5,
					"start":	6.00007,
					"end":	7.000085,
					"seconds":	1.0000150203704834,
					"bytes":	125009920,
					"bits_per_second":	1000064338.663126,
					"packets":	3815,
					"omitted":	false,
					"sender":	true
				}],
			"sum":	{
				"start":	6.00007,
				"end":	7.000085,
				"seconds":	1.0000150203704834,
				"bytes":	125009920,
				"bits_per_second":	1000064338.663126,
				"packets":	3815,
				"omitted":	false,
				"sender":	true
			}
		}, {
			"streams":	[{
					"socket":	5,
					"start":	7.000085,
					"end":	8.000086,
					"seconds":	1.0000009536743164,
					"bytes":	125009920,
					"bits_per_second":	1000078406.2509096,
					"packets":	3815,
					"omitted":	false,
					"sender":	true
				}],
			"sum":	{
				"start":	7.000085,
				"end":	8.000086,
				"seconds":	1.0000009536743164,
				"bytes":	125009920,
				"bits_per_second":	1000078406.2509096,
				"packets":	3815,
				"omitted":	false,
				"sender":	true
			}
		}, {
			"streams":	[{
					"socket":	5,
					"start":	8.000086,
					"end":	9.00005,
					"seconds":	0.99996399879455566,
					"bytes":	124977152,
					"bits_per_second":	999853211.92089653,
					"packets":	3814,
					"omitted":	false,
					"sender":	true
				}],
			"sum":	{
				"start":	8.000086,
				"end":	9.00005,
				"seconds":	0.99996399879455566,
				"bytes":	124977152,
				"bits_per_second":	999853211.92089653,
				"packets":	3814,
				"omitted":	false,
				"sender":	true
			}
		}, {
			"streams":	[{
					"socket":	5,
					"start":	9.00005,
					"end":	10.000222,
					"seconds":	1.0001720190048218,
					"bytes":	125009920,
					"bits_per_second":	999907356.93154669,
					"packets":	3815,
					"omitted":	false,
					"sender":	true
				}],
			"sum":	{
				"start":	9.00005,
				"end":	10.000222,
				"seconds":	1.0001720190048218,
				"bytes":	125009920,
				"bits_per_second":	999907356.93154669,
				"packets":	3815,
				"omitted":	false,
				"sender":	true
			}
		}],
	"end":	{
		"streams":	[{
				"udp":	{
					"socket":	5,
					"start":	0,
					"end":	10.000222,
					"seconds":	10.000222,
					"bytes":	1249902592,
					"bits_per_second":	999899875.82275665,
					"jitter_ms":	0.0121896839509747,
					"lost_packets":	0,
					"packets":	38144,
					"lost_percent":	0,
					"out_of_order":	0,
					"sender":	true
				}
			}],
		"sum":	{
			"start":	0,
			"end":	10.000275,
			"seconds":	10.000275,
			"bytes":	1249902592,
			"bits_per_second":	999899875.82275665,
			"jitter_ms":	0.0121896839509747,
			"lost_packets":	0,
			"packets":	38144,
			"lost_percent":	0,
			"sender":	true
		},
		"sum_sent":	{
			"start":	0,
			"end":	10.000222,
			"seconds":	10.000222,
			"bytes":	1249902592,
			"bits_per_second":	999899875.82275665,
			"jitter_ms":	0,
			"lost_packets":	0,
			"packets":	38144,
			"lost_percent":	0,
			"sender":	true
		},
		"sum_received":	{
			"start":	0,
			"end":	10.000275,
			"seconds":	10.000275,
			"bytes":	1249902592,
			"bits_per_second":	999894576.49914622,
			"jitter_ms":	0.0121896839509747,
			"lost_packets":	0,
			"packets":	38144,
			"lost_percent":	0,
			"sender":	false
		},
		"cpu_utilization_percent":	{
			"host_total":	107.40724741718282,
			"host_user":	107.40724741718282,
			"host_system":	0,
			"remote_total":	3.8178481370495843,
			"remote_user":	0.219253575870227,
			"remote_system":	3.5986045608863662
		}
	}
}
