{
	"start":	{
		"connected":	[{
				"socket":	5,
				"local_host":	"172.23.117.161",
				"local_port":	52876,
				"remote_host":	"45.147.210.189",
				"remote_port":	5202
			}],
		"version":	"iperf 3.16",
		"system_info":	"Linux AlexDesktop 5.15.167.4-microsoft-standard-WSL2 #1 SMP Tue Nov 5 00:21:55 UTC 2024 x86_64",
		"timestamp":	{
			"time":	"Fri, 17 Oct 2025 01:31:20 GMT",
			"timesecs":	1760664680
		},
		"connecting_to":	{
			"host":	"iperf3.moji.fr",
			"port":	5202
		},
		"cookie":	"76krrjmkcze7f6uw77uydpbugmxrnmwzz2ht",
		"tcp_mss_default":	1440,
		"target_bitrate":	0,
		"fq_rate":	0,
		"sock_bufsize":	0,
		"sndbuf_actual":	16384,
		"rcvbuf_actual":	131072,
		"test_start":	{
			"protocol":	"TCP",
			"num_streams":	1,
			"blksize":	131072,
			"omit":	0,
			"duration":	10,
			"bytes":	0,
			"blocks":	0,
			"reverse":	0,
			"tos":	0,
			"target_bitrate":	0,
			"bidir":	0,
			"fqrate":	0
		}
	},
	"intervals":	[{
			"streams":	[{
					"socket":	5,
					"start":	0,
					"end":	1.000523,
					"seconds":	1.0005229711532593,
					"bytes":	6291456,
					"bits_per_second":	50305339.758451425,
					"retransmits":	0,
					"snd_cwnd":	2999520,
					"snd_wnd":	3144448,
					"rtt":	128107,
					"rttvar":	144,
					"pmtu":	1492,
					"omitted":	false,
					"sender":	true
				}],
			"sum":	{
				"start":	0,
				"end":	1.000523,
				"seconds":	1.0005229711532593,
				"bytes":	6291456,
				"bits_per_second":	50305339.758451425,
				"retransmits":	0,
				"omitted":	false,
				"sender":	true
			}
		}, {
			"streams":	[{
					"socket":	5,
					"start":	1.000523,
					"end":	2.00078,
					"seconds":	1.0002570152282715,
					"bytes":	11010048,
					"bits_per_second":	88057751.816815734,
					"retransmits":	589,
					"snd_cwnd":	1764000,
					"snd_wnd":	3144448,
					"rtt":	123738,
					"rttvar":	57,
					"pmtu":	1492,
					"omitted":	false,
					"sender":	true
				}],
			"sum":	{
				"start":	1.000523,
				"end":	2.00078,
				"seconds":	1.0002570152282715,
				"bytes":	11010048,
				"bits_per_second":	88057751.816815734,
				"retransmits":	589,
				"omitted":	false,
				"sender":	true
			}
		}, {
			"streams":	[{
					"socket":	5,
					"start":	2.00078,
					"end":	3.000485,
					"seconds":	0.99970501661300659,
					"bytes":	15728640,
					"bits_per_second":	125866248.4522766,
					"retransmits":	0,
					"snd_cwnd":	1869120,
					"snd_wnd":	3144448,
					"rtt":	123947,
					"rttvar":	88,
					"pmtu":	1492,
					"omitted":	false,
					"sender":	true
				}],
			"sum":	{
				"start":	2.00078,
				"end":	3.000485,
				"seconds":	0.99970501661300659,
				"bytes":	15728640,
				"bits_per_second":	125866248.4522766,
				"retransmits":	0,
				"omitted":	false,
				"sender":	true
			}
		}, {
			"streams":	[{
					"socket":	5,
					"start":	3.000485,
					"end":	4.000495,
					"seconds":	1.0000100135803223,
					"bytes":	15597568,
					"bits_per_second":	124779294.51251185,
					"retransmits":	0,
					"snd_cwnd":	1951200,
					"snd_wnd":	3144448,
					"rtt":	123590,
					"rttvar":	92,
					"pmtu":	1492,
					"omitted":	false,
					"sender":	true
				}],
			"sum":	{
				"start":	3.000485,
				"end":	4.000495,
				"seconds":	1.0000100135803223,
				"bytes":	15597568,
				"bits_per_second":	124779294.51251185,
				"retransmits":	0,
				"omitted":	false,
				"sender":	true
			}
		}, {
			"streams":	[{
					"socket":	5,
					"start":	4.000495,
					"end":	5.0005,
					"seconds":	1.0000050067901611,
					"bytes":	15728640,
					"bits_per_second":	125828490.00315426,
					"retransmits":	0,
					"snd_cwnd":	2005920,
					"snd_wnd":	3144448,
					"rtt":	124091,
					"rttvar":	811,
					"pmtu":	1492,
					"omitted":	false,
					"sender":	true
				}],
			"sum":	{
				"start":	4.000495,
				"end":	5.0005,
				"seconds":	1.0000050067901611,
				"bytes":	15728640,
				"bits_per_second":	125828490.00315426,
				"retransmits":	0,
				"omitted":	false,
				"sender":	true
			}
		}, {
			"streams":	[{
					"socket":	5,
					"start":	5.0005,
					"end":	6.000499,
					"seconds":	0.99999898672103882,
					"bytes":	17039360,
					"bits_per_second":	136315018.12513995,
					"retransmits":	0,
					"snd_cwnd":	2044800,
					"snd_wnd":	3144448,
					"rtt":	123777,
					"rttvar":	506,
					"pmtu":	1492,
					"omitted":	false,
					"sender":	true
				}],
			"sum":	{
				"start":	5.0005,
				"end":	6.000499,
				"seconds":	0.99999898672103882,
				"bytes":	17039360,
				"bits_per_second":	136315018.12513995,
				"retransmits":	0,
				"omitted":	false,
				"sender":	true
			}
		}, {
			"streams":	[{
					"socket":	5,
					"start":	6.000499,
					"end":	7.000504,
					"seconds":	1.0000050067901611,
					"bytes":	15728640,
					"bits_per_second":	125828490.00315426,
					"retransmits":	0,
					"snd_cwnd":	2067840,
					"snd_wnd":	3144448,
					"rtt":	123291,
					"rttvar":	215,
					"pmtu":	1492,
					"omitted":	false,
					"sender":	true
				}],
			"sum":	{
				"start":	6.000499,
				"end":	7.000504,
				"seconds":	1.0000050067901611,
				"bytes":	15728640,
				"bits_per_second":	125828490.00315426,
				"retransmits":	0,
				"omitted":	false,
				"sender":	true
			}
		}, {
			"streams":	[{
					"socket":	5,
					"start":	7.000504,
					"end":	8.000527,
					"seconds":	1.0000230073928833,
					"bytes":	17039360,
					"bits_per_second":	136311743.82215527,
					"retransmits":	0,
					"snd_cwnd":	2080800,
					"snd_wnd":	3144448,
					"rtt":	123918,
					"rttvar":	211,
					"pmtu":	1492,
					"omitted":	false,
					"sender":	true
				}],
			"sum":	{
				"start":	7.000504,
				"end":	8.000527,
				"seconds":	1.0000230073928833,
				"bytes":	17039360,
				"bits_per_second":	136311743.82215527,
				"retransmits":	0,
				"omitted":	false,
				"sender":	true
			}
		}, {
			"streams":	[{
					"socket":	5,
					"start":	8.000527,
					"end":	9.000522,
					"seconds":	0.999994993209839,
					"bytes":	15728640,
					"bits_per_second":	125829750.00315429,
					"retransmits":	0,
					"snd_cwnd":	2086560,
					"snd_wnd":	3144448,
					"rtt":	123808,
					"rttvar":	85,
					"pmtu":	1492,
					"omitted":	false,
					"sender":	true
				}],
			"sum":	{
				"start":	8.000527,
				"end":	9.000522,
				"seconds":	0.999994993209839,
				"bytes":	15728640,
				"bits_per_second":	125829750.00315429,
				"retransmits":	0,
				"omitted":	false,
				"sender":	true
			}
		}, {
			"streams":	[{
					"socket":	5,
					"start":	9.000522,
					"end":	10.002082,
					"seconds":	1.0015599727630615,
					"bytes":	17039360,
					"bits_per_second":	136102563.70763326,
					"retransmits":	0,
					"snd_cwnd":	2086560,
					"snd_wnd":	3144448,
					"rtt":	123784,
					"rttvar":	204,
					"pmtu":	1492,
					"omitted":	false,
					"sender":	true
				}],
			"sum":	{
				"start":	9.000522,
				"end":	10.002082,
				"seconds":	1.0015599727630615,
				"bytes":	17039360,
				"bits_per_second":	136102563.70763326,
				"retransmits":	0,
				"omitted":	false,
				"sender":	true
			}
		}],
	"end":	{
		"streams":	[{
				"sender":	{
					"socket":	5,
					"start":	0,
					"end":	10.002082,
					"seconds":	10.002082,
					"bytes":	146931712,
					"bits_per_second":	117520901.748256,
					"retransmits":	589,
					"max_snd_cwnd":	2999520,
					"max_snd_wnd":	3144448,
					"max_rtt":	128107,
					"min_rtt":	123291,
					"mean_rtt":	124205,
					"sender":	true
				},
				"receiver":	{
					"socket":	5,
					"start":	0,
					"end":	11.046003,
					"seconds":	10.002082,
					"bytes":	146142720,
					"bits_per_second":	105842969.62439716,
					"sender":	true
				}
			}],
		"sum_sent":	{
			"start":	0,
			"end":	10.002082,
			"seconds":	10.002082,
			"bytes":	146931712,
			"bits_per_second":	117520901.748256,
			"retransmits":	589,
			"sender":	true
		},
		"sum_received":	{
			"start":	0,
			"end":	11.046003,
			"seconds":	11.046003,
			"bytes":	146142720,
			"bits_per_second":	105842969.62439716,
			"sender":	true
		},
		"cpu_utilization_percent":	{
			"host_total":	0.12665158231379411,
			"host_user":	0.12664208534451443,
			"host_system":	0,