{
	"start":	{
		"connected":	[{
				"socket":	5,
				"local_host":	"172.23.117.161",
				"local_port":	58470,
				"remote_host":	"45.147.210.189",
				"remote_port":	5201
			}],
		"version":	"iperf 3.16",
		"system_info":	"Linux AlexDesktop 5.15.167.4-microsoft-standard-WSL2 #1 SMP Tue Nov 5 00:21:55 UTC 2024 x86_64",
		"timestamp":	{
			"time":	"Fri, 17 Oct 2025 01:31:47 GMT",
			"timesecs":	1760664707
		},
		"connecting_to":	{
			"host":	"iperf3.moji.fr",
			"port":	5201
		},
		"cookie":	"hixntzmgavguoau2i65eopgkxhqzjobgpnwe",
		"tcp_mss_default":	1440,
		"target_bitrate":	0,
		"fq_rate":	0,
		"sock_bufsize":	0,
		"sndbuf_actual":	16384,
		"rcvbuf_actual":	131072,
		"test_start":	{
			"protocol":	"TCP",
			"num_streams":	1,
			"blksize":	131072,
			"omit":	0,
			"duration":	10,
			"bytes":	0,
			"blocks":	0,
			"reverse":	0,
			"tos":	0,
			"target_bitrate":	0,
			"bidir":	0,
			"fqrate":	0
		}
	},
	"intervals":	[{
			"streams":	[{
					"socket":	5,
					"start":	0,
					"end":	1.00104,
					"seconds":	1.001039981842041,
					"bytes":	5242880,
					"bits_per_second":	41899465.31687922,
					"retransmits":	0,
					"snd_cwnd":	1843200,
					"snd_wnd":	3085568,
					"rtt":	139614,
					"rttvar":	199,
					"pmtu":	1492,
					"omitted":	false,
					"sender":	true
				}],
			"sum":	{
				"start":	0,
				"end":	1.00104,
				"seconds":	1.001039981842041,
				"bytes":	5242880,
				"bits_per_second":	41899465.31687922,
				"retransmits":	0,
				"omitted":	false,
				"sender":	true
			}
		}, {
			"streams":	[{
					"socket":	5,
					"start":	1.00104,
					"end":	2.001042,
					"seconds":	1.0000020265579224,
					"bytes":	10092544,
					"bits_per_second":	80740188.3753316,
					"retransmits":	696,
					"snd_cwnd":	1723680,
					"snd_wnd":	3144448,
					"rtt":	136652,
					"rttvar":	233,
					"pmtu":	1492,
					"omitted":	false,
					"sender":	true
				}],
			"sum":	{
				"start":	1.00104,
				"end":	2.001042,
				"seconds":	1.0000020265579224,
				"bytes":	10092544,
				"bits_per_second":	80740188.3753316,
				"retransmits":	696,
				"omitted":	false,
				"sender":	true
			}
		}, {
			"streams":	[{
					"socket":	5,
					"start":	2.001042,
					"end":	3.001035,
					"seconds":	0.99999302625656128,
					"bytes":	12845056,
					"bits_per_second":	102761164.6299976,
					"retransmits":	3,
					"snd_cwnd":	1797120,
					"snd_wnd":	3145728,
					"rtt":	136457,
					"rttvar":	107,
					"pmtu":	1492,
					"omitted":	false,
					"sender":	true
				}],
			"sum":	{
				"start":	2.001042,
				"end":	3.001035,
				"seconds":	0.99999302625656128,
				"bytes":	12845056,
				"bits_per_second":	102761164.6299976,
				"retransmits":	3,
				"omitted":	false,
				"sender":	true
			}
		}, {
			"streams":	[{
					"socket":	5,
					"start":	3.001035,
					"end":	4.001037,
					"seconds":	1.0000020265579224,
					"bytes":	14286848,
					"bits_per_second":	114294552.3754694,
					"retransmits":	0,
					"snd_cwnd":	1802880,
					"snd_wnd":	3145728,
					"rtt":	136432,
					"rttvar":	111,
					"pmtu":	1492,
					"omitted":	false,
					"sender":	true
				}],
			"sum":	{
				"start":	3.001035,
				"end":	4.001037,
				"seconds":	1.0000020265579224,
				"bytes":	14286848,
				"bits_per_second":	114294552.3754694,
				"retransmits":	0,
				"omitted":	false,
				"sender":	true
			}
		}, {
			"streams":	[{
					"socket":	5,
					"start":	4.001037,
					"end":	5.001052,
					"seconds":	1.0000150203704834,
					"bytes":	12713984,
					"bits_per_second":	101710344.27294703,
					"retransmits":	0,
					"snd_cwnd":	1808640,
					"snd_wnd":	3145728,
					"rtt":	141547,
					"rttvar":	10955,
					"pmtu":	1492,
					"omitted":	false,
					"sender":	true
				}],
			"sum":	{
				"start":	4.001037,
				"end":	5.001052,
				"seconds":	1.0000150203704834,
				"bytes":	12713984,
				"bits_per_second":	101710344.27294703,
				"retransmits":	0,
				"omitted":	false,
				"sender":	true
			}
		}, {
			"streams":	[{
					"socket":	5,
					"start":	5.001052,
					"end":	6.001044,
					"seconds":	0.9999920129776,
					"bytes":	12845056,
					"bits_per_second":	102761268.75655541,
					"retransmits":	0,
					"snd_cwnd":	1817280,
					"snd_wnd":	3145728,
					"rtt":	136433,
					"rttvar":	102,
					"pmtu":	1492,
					"omitted":	false,
					"sender":	true
				}],
			"sum":	{
				"start":	5.001052,
				"end":	6.001044,
				"seconds":	0.9999920129776,
				"bytes":	12845056,
				"bits_per_second":	102761268.75655541,
				"retransmits":	0,
				"omitted":	false,
				"sender":	true
			}
		}, {
			"streams":	[{
					"socket":	5,
					"start":	6.001044,
					"end":	7.001053,
					"seconds":	1.0000089406967163,
					"bytes":	12976128,
					"bits_per_second":	103808095.883298,
					"retransmits":	0,
					"snd_cwnd":	1844640,
					"snd_wnd":	3145728,
					"rtt":	136755,
					"rttvar":	169,
					"pmtu":	1492,
					"omitted":	false,
					"sender":	true
				}],
			"sum":	{
				"start":	6.001044,
				"end":	7.001053,
				"seconds":	1.0000089406967163,
				"bytes":	12976128,
				"bits_per_second":	103808095.883298,
				"retransmits":	0,
				"omitted":	false,
				"sender":	true
			}
		}, {
			"streams":	[{
					"socket":	5,
					"start":	7.001053,
					"end":	8.00105,
					"seconds":	0.99999701976776123,
					"bytes":	12845056,
					"bits_per_second":	102760754.2509127,
					"retransmits":	0,
					"snd_cwnd":	1886400,
					"snd_wnd":	3145728,
					"rtt":	136649,
					"rttvar":	86,
					"pmtu":	1492,
					"omitted":	false,
					"sender":	true
				}],
			"sum":	{
				"start":	7.001053,
				"end":	8.00105,
				"seconds":	0.99999701976776123,
				"bytes":	12845056,
				"bits_per_second":	102760754.2509127,
				"retransmits":	0,
				"omitted":	false,
				"sender":	true
			}
		}, {
			"streams":	[{
					"socket":	5,
					"start":	8.00105,
					"end":	9.001079,
					"seconds":	1.0000289678573608,
					"bytes":	12845056,
					"bits_per_second":	102757471.33622757,
					"retransmits":	0,
					"snd_cwnd":	1944000,
					"snd_wnd":	3145728,
					"rtt":	136775,
					"rttvar":	111,
					"pmtu":	1492,
					"omitted":	false,
					"sender":	true
				}],
			"sum":	{
				"start":	8.00105,
				"end":	9.001079,
				"seconds":	1.0000289678573608,
				"bytes":	12845056,
				"bits_per_second":	102757471.33622757,
				"retransmits":	0,
				"omitted":	false,
				"sender":	true
			}
		}, {
			"streams":	[{
					"socket":	5,
					"start":	9.001079,
					"end":	10.001252,
					"seconds":	1.0001729726791382,
					"bytes":	15597568,
					"bits_per_second":	124758964.10773177,
					"retransmits":	0,
					"snd_cwnd":	2033280,
					"snd_wnd":	3145728,
					"rtt":	136526,
					"rttvar":	38,
					"pmtu":	1492,
					"omitted":	false,
					"sender":	true
				}],
			"sum":	{
				"start":	9.001079,
				"end":	10.001252,
				"seconds":	1.0001729726791382,
				"bytes":	15597568,
				"bits_per_second":	124758964.10773177,
				"retransmits":	0,
				"omitted":	false,
				"sender":	true
			}
		}],
	"end":	{
		"streams":	[{
				"sender":	{
					"socket":	5,
					"start":	0,
					"end":	10.001252,
					"seconds":	10.001252,
					"bytes":	123600896,
					"bits_per_second":	98868338.4840218,
					"retransmits":	699,
					"max_snd_cwnd":	2033280,
					"max_snd_wnd":	3145728,
					"max_rtt":	141547,
					"min_rtt":	136432,
					"mean_rtt":	137384,
					"sender":	true
				},
				"receiver":	{
					"socket":	5,
					"start":	0,
					"end":	10.137479,
					"seconds":	10.001252,
					"bytes":	122400000,
					"bits_per_second":	96592061.990954548,
					"sender":	true
				}
			}],
		"sum_sent":	{
			"start":	0,
			"end":	10.001252,
			"seconds":	10.001252,
			"bytes":	123600896,
			"bits_per_second":	98868338.4840218,
			"retransmits":	699,
			"sender":	true
		},
		"sum_received":	{
			"start":	0,
			"end":	10.137479,
			"seconds":	10.137479,
			"bytes":	122400000,
			"bits_per_second":	96592061.990954548,
			"sender":	true
		},
		"cpu_utilization_percent":	{
			"host_total":	0.12309800646181927,
			"host_user":	0.12307912495150992,
			"host_system":	0,