{
	"start":	{
		"connected":	[{
				"socket":	5,
				"local_host":	"172.23.117.161",
				"local_port":	37794,
				"remote_host":	"45.147.210.189",
				"remote_port":	5202
			}],
		"version":	"iperf 3.16",
		"system_info":	"Linux AlexDesktop 5.15.167.4-microsoft-standard-WSL2 #1 SMP Tue Nov 5 00:21:55 UTC 2024 x86_64",
		"timestamp":	{
			"time":	"Fri, 17 Oct 2025 01:29:36 GMT",
			"timesecs":	1760664576
		},
		"connecting_to":	{
			"host":	"iperf3.moji.fr",
			"port":	5202
		},
		"cookie":	"aldbcktjilv75shgmsjqcelziowc2sk3yiby",
		"target_bitrate":	100000000,
		"fq_rate":	0,
		"sock_bufsize":	0,
		"sndbuf_actual":	212992,
		"rcvbuf_actual":	212992,
		"test_start":	{
			"protocol":	"UDP",
			"num_streams":	1,
			"blksize":	1440,
			"omit":	0,
			"duration":	10,
			"bytes":	0,
			"blocks":	0,
			"reverse":	0,
			"tos":	0,
			"target_bitrate":	100000000,
			"bidir":	0,
			"fqrate":	0
		}
	},
	"intervals":	[{
			"streams":	[{
					"socket":	5,
					"start":	0,
					"end":	1.000068,
					"seconds":	1.0000679492950439,
					"bytes":	12489120,
					"bits_per_second":	99906171.4460797,
					"packets":	8673,
					"omitted":	false,
					"sender":	true
				}],
			"sum":	{
				"start":	0,
				"end":	1.000068,
				"seconds":	1.0000679492950439,
				"bytes":	12489120,
				"bits_per_second":	99906171.4460797,
				"packets":	8673,
				"omitted":	false,
				"sender":	true
			}
		}, {
			"streams":	[{
					"socket":	5,
					"start":	1.000068,
					"end":	2.000067,
					"seconds":	0.99999898672103882,
					"bytes":	12500640,
					"bits_per_second":	100005221.33318679,
					"packets":	8681,
					"omitted":	false,
					"sender":	true
				}],
			"sum":	{
				"start":	1.000068,
				"end":	2.000067,
				"seconds":	0.99999898672103882,
				"bytes":	12500640,
				"bits_per_second":	100005221.33318679,
				"packets":	8681,
				"omitted":	false,
				"sender":	true
			}
		}, {
			"streams":	[{
					"socket":	5,
					"start":	2.000067,
					"end":	3.000068,
					"seconds":	1.0000009536743164,
					"bytes":	12499200,
					"bits_per_second":	99993504.6387628,
					"packets":	8680,
					"omitted":	false,
					"sender":	true
				}],
			"sum":	{
				"start":	2.000067,
				"end":	3.000068,
				"seconds":	1.0000009536743164,
				"bytes":	12499200,
				"bits_per_second":	99993504.6387628,
				"packets":	8680,
				"omitted":	false,
				"sender":	true
			}
		}, {
			"streams":	[{
					"socket":	5,
					"start":	3.000068,
					"end":	4.000068,
					"seconds":	1,
					"bytes":	12500640,
					"bits_per_second":	100005120,
					"packets":	8681,
					"omitted":	false,
					"sender":	true
				}],
			"sum":	{
				"start":	3.000068,
				"end":	4.000068,
				"seconds":	1,
				"bytes":	12500640,
				"bits_per_second":	100005120,
				"packets":	8681,
				"omitted":	false,
				"sender":	true
			}
		}, {
			"streams":	[{
					"socket":	5,
					"start":	4.000068,
					"end":	5.000066,
					"seconds":	0.99999797344207764,
					"bytes":	12499200,
					"bits_per_second":	99993802.643232927,
					"packets":	8680,
					"omitted":	false,
					"sender":	true
				}],
			"sum":	{
				"start":	4.000068,
				"end":	5.000066,
				"seconds":	0.99999797344207764,
				"bytes":	12499200,
				"bits_per_second":	99993802.643232927,
				"packets":	8680,
				"omitted":	false,
				"sender":	true
			}
		}, {
			"streams":	[{
					"socket":	5,
					"start":	5.000066,
					"end":	6.000068,
					"seconds":	1.0000020265579224,
					"bytes":	12500640,
					"bits_per_second":	100004917.33424251,
					"packets":	8681,
					"omitted":	false,
					"sender":	true
				}],
			"sum":	{
				"start":	5.000066,
				"end":	6.000068,
				"seconds":	1.0000020265579224,
				"bytes":	12500640,
				"bits_per_second":	100004917.33424251,
				"packets":	8681,
				"omitted":	false,
				"sender":	true
			}
		}, {
			"streams":	[{
					"socket":	5,
					"start":	6.000068,
					"end":	7.000068,
					"seconds":	1,
					"bytes":	12499200,
					"bits_per_second":	99993600,
					"packets":	8680,
					"omitted":	false,
					"sender":	true
				}],
			"sum":	{
				"start":	6.000068,
				"end":	7.000068,
				"seconds":	1,
				"bytes":	12499200,
				"bits_per_second":	99993600,
				"packets":	8680,
				"omitted":	false,
				"sender":	true
			}
		}, {
			"streams":	[{
					"socket":	5,
					"start":	7.000068,
					"end":	8.000068,
					"seconds":	1,
					"bytes":	12500640,
					"bits_per_second":	100005120,
					"packets":	8681,
					"omitted":	false,
					"sender":	true
				}],
			"sum":	{
				"start":	7.000068,
				"end":	8.000068,
				"seconds":	1,
				"bytes":	12500640,
				"bits_per_second":	100005120,
				"packets":	8681,
				"omitted":	false,
				"sender":	true
			}
		}, {
			"streams":	[{
					"socket":	5,
					"start":	8.000068,
					"end":	9.000072,
					"seconds":	1.0000040531158447,
					"bytes":	12500640,
					"bits_per_second":	100004714.66930643,
					"packets":	8681,
					"omitted":	false,
					"sender":	true
				}],
			"sum":	{
				"start":	8.000068,
				"end":	9.000072,
				"seconds":	1.0000040531158447,
				"bytes":	12500640,
				"bits_per_second":	100004714.66930643,
				"packets":	8681,
				"omitted":	false,
				"sender":	true
			}
		}, {
			"streams":	[{
					"socket":	5,
					"start":	9.000072,
					"end":	10.000143,
					"seconds":	1.0000710487365723,
					"bytes":	12499200,
					"bits_per_second":	99986496.0857788,
					"packets":	8680,
					"omitted":	false,
					"sender":	true
				}],
			"sum":	{
				"start":	9.000072,
				"end":	10.000143,
				"seconds":	1.0000710487365723,
				"bytes":	12499200,
				"bits_per_second":	99986496.0857788,
				"packets":	8680,
				"omitted":	false,
				"sender":	true
			}
		}],
	"end":	{
		"streams":	[{
				"udp":	{
					"socket":	5,
					"start":	0,
					"end":	10.000143,
					"seconds":	10.000143,
					"bytes":	124989120,
					"bits_per_second":	99989866.144914135,
					"jitter_ms":	0.0850960705990843,
					"lost_packets":	0,
					"packets":	86798,
					"lost_percent":	0,
					"out_of_order":	0,
					"sender":	true
				}
			}],
		"sum":	{
			"start":	0,
			"end":	11.044534,
			"seconds":	11.044534,
			"bytes":	124989120,
			"bits_per_second":	99989866.144914135,
			"jitter_ms":	0.0850960705990843,
			"lost_packets":	0,
			"packets":	86798,
			"lost_percent":	0,
			"sender":	true
		},
		"sum_sent":	{
			"start":	0,
			"end":	10.000143,
			"seconds":	10.000143,
			"bytes":	124989120,
			"bits_per_second":	99989866.144914135,
			"jitter_ms":	0,
			"lost_packets":	0,
			"packets":	86798,
			"lost_percent":	0,
			"sender":	true
		},
		"sum_received":	{
			"start":	0,
			"end":	11.044534,
			"seconds":	11.044534,
			"bytes":	124920000,
			"bits_per_second":	90484578.1632797,
			"jitter_ms":	0.0850960705990843,
			"lost_packets":	0,
			"packets":	86798,
			"lost_percent":	0,
			"sender":	false
		},
		"cpu_utilization_percent":	{
			"host_total":	105.64541783687631,
			"host_user":	105.64540823187247,
			"host_system":	0,
			"remote_total":	5.07051894373243,
			"remote_user":	0.96645857006396818,
			"remote_system":	4.10406037366846
		}
	}
}
